  <Table>
   <Row>
    <Age>1</Age>
    <Male>75.13</Male>
    <Female>80.2</Female>
   </Row>
   <Row>
    <Age>2</Age>
    <Male>74.68</Male>
    <Female>79.69</Female>
   </Row>
   <Row>
    <Age>3</Age>
    <Male>73.72</Male>
    <Female>78.72</Female>
   </Row>
   <Row>
    <Age>4</Age>
    <Male>72.74</Male>
    <Female>77.74</Female>
   </Row>
   <Row>
    <Age>5</Age>
    <Male>71.76</Male>
    <Female>76.76</Female>
   </Row>
   <Row>
    <Age>6</Age>
    <Male>70.77</Male>
    <Female>75.77</Female>
   </Row>
   <Row>
    <Age>7</Age>
    <Male>69.78</Male>
    <Female>74.78</Female>
   </Row>
   <Row>
    <Age>8</Age>
    <Male>68.8</Male>
    <Female>73.79</Female>
   </Row>
   <Row>
    <Age>9</Age>
    <Male>67.81</Male>
    <Female>72.8</Female>
   </Row>
   <Row>
    <Age>10</Age>
    <Male>66.82</Male>
    <Female>71.81</Female>
   </Row>
   <Row>
    <Age>11</Age>
    <Male>65.82</Male>
    <Female>70.82</Female>
   </Row>
   <Row>
    <Age>12</Age>
    <Male>64.83</Male>
    <Female>69.82</Female>
   </Row>
   <Row>
    <Age>13</Age>
    <Male>63.83</Male>
    <Female>68.83</Female>
   </Row>
   <Row>
    <Age>14</Age>
    <Male>62.84</Male>
    <Female>67.84</Female>
   </Row>
   <Row>
    <Age>15</Age>
    <Male>61.86</Male>
    <Female>66.85</Female>
   </Row>
   <Row>
    <Age>16</Age>
    <Male>60.89</Male>
    <Female>65.86</Female>
   </Row>
   <Row>
    <Age>17</Age>
    <Male>59.92</Male>
    <Female>64.88</Female>
   </Row>
   <Row>
    <Age>18</Age>
    <Male>58.97</Male>
    <Female>63.9</Female>
   </Row>
   <Row>
    <Age>19</Age>
    <Male>58.02</Male>
    <Female>62.92</Female>
   </Row>
   <Row>
    <Age>20</Age>
    <Male>57.08</Male>
    <Female>61.95</Female>
   </Row>
   <Row>
    <Age>21</Age>
    <Male>56.15</Male>
    <Female>60.98</Female>
   </Row>
   <Row>
    <Age>22</Age>
    <Male>55.22</Male>
    <Female>60</Female>
   </Row>
   <Row>
    <Age>23</Age>
    <Male>54.3</Male>
    <Female>59.03</Female>
   </Row>
   <Row>
    <Age>24</Age>
    <Male>53.39</Male>
    <Female>58.06</Female>
   </Row>
   <Row>
    <Age>25</Age>
    <Male>52.47</Male>
    <Female>57.09</Female>
   </Row>
   <Row>
    <Age>26</Age>
    <Male>51.55</Male>
    <Female>56.12</Female>
   </Row>
   <Row>
    <Age>27</Age>
    <Male>50.62</Male>
    <Female>55.15</Female>
   </Row>
   <Row>
    <Age>28</Age>
    <Male>49.7</Male>
    <Female>54.18</Female>
   </Row>
   <Row>
    <Age>29</Age>
    <Male>48.76</Male>
    <Female>53.21</Female>
   </Row>
   <Row>
    <Age>30</Age>
    <Male>47.83</Male>
    <Female>52.24</Female>
   </Row>
   <Row>
    <Age>31</Age>
    <Male>46.9</Male>
    <Female>51.27</Female>
   </Row>
   <Row>
    <Age>32</Age>
    <Male>45.97</Male>
    <Female>50.3</Female>
   </Row>
   <Row>
    <Age>33</Age>
    <Male>45.03</Male>
    <Female>49.34</Female>
   </Row>
   <Row>
    <Age>34</Age>
    <Male>44.1</Male>
    <Female>48.37</Female>
   </Row>
   <Row>
    <Age>35</Age>
    <Male>43.17</Male>
    <Female>47.41</Female>
   </Row>
   <Row>
    <Age>36</Age>
    <Male>42.24</Male>
    <Female>46.45</Female>
   </Row>
   <Row>
    <Age>37</Age>
    <Male>41.3</Male>
    <Female>45.49</Female>
   </Row>
   <Row>
    <Age>38</Age>
    <Male>40.38</Male>
    <Female>44.53</Female>
   </Row>
   <Row>
    <Age>39</Age>
    <Male>39.45</Male>
    <Female>43.58</Female>
   </Row>
   <Row>
    <Age>40</Age>
    <Male>38.53</Male>
    <Female>42.63</Female>
   </Row>
   <Row>
    <Age>41</Age>
    <Male>37.61</Male>
    <Female>41.68</Female>
   </Row>
   <Row>
    <Age>42</Age>
    <Male>36.70</Male>
    <Female>40.74</Female>
   </Row>
   <Row>
    <Age>43</Age>
    <Male>35.79</Male>
    <Female>39.81</Female>
   </Row>
   <Row>
    <Age>44</Age>
    <Male>34.89</Male>
    <Female>38.87</Female>
   </Row>
   <Row>
    <Age>45</Age>
    <Male>34</Male>
    <Female>37.95</Female>
   </Row>
   <Row>
    <Age>46</Age>
    <Male>33.11</Male>
    <Female>37.02</Female>
   </Row>
   <Row>
    <Age>47</Age>
    <Male>32.23</Male>
    <Female>36.1</Female>
   </Row>
   <Row>
    <Age>48</Age>
    <Male>31.36</Male>
    <Female>35.19</Female>
   </Row>
   <Row>
    <Age>49</Age>
    <Male>30.49</Male>
    <Female>34.28</Female>
   </Row>
   <Row>
    <Age>50</Age>
    <Male>29.63</Male>
    <Female>33.38</Female>
   </Row>
   <Row>
    <Age>51</Age>
    <Male>28.78</Male>
    <Female>32.48</Female>
   </Row>
   <Row>
    <Age>52</Age>
    <Male>27.94</Male>
    <Female>31.58</Female>
   </Row>
   <Row>
    <Age>53</Age>
    <Male>27.11</Male>
    <Female>30.69</Female>
   </Row>
   <Row>
    <Age>54</Age>
    <Male>26.29</Male>
    <Female>29.8</Female>
   </Row>
   <Row>
    <Age>55</Age>
    <Male>25.47</Male>
    <Female>28.92</Female>
   </Row>
   <Row>
    <Age>56</Age>
    <Male>24.66</Male>
    <Female>28.05</Female>
   </Row>
   <Row>
    <Age>57</Age>
    <Male>23.86</Male>
    <Female>27.18</Female>
   </Row>
   <Row>
    <Age>58</Age>
    <Male>23.06</Male>
    <Female>26.32</Female>
   </Row>
   <Row>
    <Age>59</Age>
    <Male>22.27</Male>
    <Female>25.46</Female>
   </Row>
   <Row>
    <Age>60</Age>
    <Male>21.48</Male>
    <Female>24.61</Female>
   </Row>
   <Row>
    <Age>61</Age>
    <Male>20.71</Male>
    <Female>23.76</Female>
   </Row>
   <Row>
    <Age>62</Age>
    <Male>19.94</Male>
    <Female>22.93</Female>
   </Row>
   <Row>
    <Age>63</Age>
    <Male>19.19</Male>
    <Female>22.11</Female>
   </Row>
   <Row>
    <Age>64</Age>
    <Male>18.46</Male>
    <Female>21.3</Female>
   </Row>
   <Row>
    <Age>65</Age>
    <Male>17.73</Male>
    <Female>20.5</Female>
   </Row>
   <Row>
    <Age>66</Age>
    <Male>17.01</Male>
    <Female>19.71</Female>
   </Row>
   <Row>
    <Age>67</Age>
    <Male>16.3</Male>
    <Female>18.93</Female>
   </Row>
   <Row>
    <Age>68</Age>
    <Male>15.6</Male>
    <Female>18.15</Female>
   </Row>
   <Row>
    <Age>69</Age>
    <Male>14.9</Male>
    <Female>17.38</Female>
   </Row>
   <Row>
    <Age>70</Age>
    <Male>14.22</Male>
    <Female>16.62</Female>
   </Row>
   <Row>
    <Age>71</Age>
    <Male>13.55</Male>
    <Female>15.87</Female>
   </Row>
   <Row>
    <Age>72</Age>
    <Male>12.9</Male>
    <Female>15.13</Female>
   </Row>
   <Row>
    <Age>73</Age>
    <Male>12.26</Male>
    <Female>14.41</Female>
   </Row>
   <Row>
    <Age>74</Age>
    <Male>11.64</Male>
    <Female>13.71</Female>
   </Row>
   <Row>
    <Age>75</Age>
    <Male>11.03</Male>
    <Female>13.02</Female>
   </Row>
   <Row>
    <Age>76</Age>
    <Male>10.45</Male>
    <Female>12.35</Female>
   </Row>
   <Row>
    <Age>77</Age>
    <Male>9.89</Male>
    <Female>11.69</Female>
   </Row>
   <Row>
    <Age>78</Age>
    <Male>9.34</Male>
    <Female>11.06</Female>
   </Row>
   <Row>
    <Age>79</Age>
    <Male>8.82</Male>
    <Female>10.45</Female>
   </Row>
   <Row>
    <Age>80</Age>
    <Male>8.31</Male>
    <Female>9.86</Female>
   </Row>
   <Row>
    <Age>81</Age>
    <Male>7.83</Male>
    <Female>9.29</Female>
   </Row>
   <Row>
    <Age>82</Age>
    <Male>7.37</Male>
    <Female>8.74</Female>
   </Row>
   <Row>
    <Age>83</Age>
    <Male>6.92</Male>
    <Female>8.22</Female>
   </Row>
   <Row>
    <Age>84</Age>
    <Male>6.5</Male>
    <Female>7.71</Female>
   </Row>
   <Row>
    <Age>85</Age>
    <Male>6.09</Male>
    <Female>7.23</Female>
   </Row>
   <Row>
    <Age>86</Age>
    <Male>5.71</Male>
    <Female>6.77</Female>
   </Row>
   <Row>
    <Age>87</Age>
    <Male>5.35</Male>
    <Female>6.33</Female>
   </Row>
   <Row>
    <Age>88</Age>
    <Male>5</Male>
    <Female>5.91</Female>
   </Row>
   <Row>
    <Age>89</Age>
    <Male>4.67</Male>
    <Female>5.51</Female>
   </Row>
   <Row>
    <Age>90</Age>
    <Male>4.37</Male>
    <Female>5.14</Female>
   </Row>
   <Row>
    <Age>91</Age>
    <Male>4.08</Male>
    <Female>4.78</Female>
   </Row>
   <Row>
    <Age>92</Age>
    <Male>3.8</Male>
    <Female>4.45</Female>
   </Row>
   <Row>
    <Age>93</Age>
    <Male>3.55</Male>
    <Female>4.13</Female>
   </Row>
   <Row>
    <Age>94</Age>
    <Male>3.31</Male>
    <Female>3.84</Female>
   </Row>
   <Row>
    <Age>95</Age>
    <Male>3.08</Male>
    <Female>3.57</Female>
   </Row>
   <Row>
    <Age>96</Age>
    <Male>2.88</Male>
    <Female>3.31</Female>
   </Row>
   <Row>
    <Age>97</Age>
    <Male>2.68</Male>
    <Female>3.07</Female>
   </Row>
   <Row>
    <Age>98</Age>
    <Male>2.5</Male>
    <Female>2.85</Female>
   </Row>
   <Row>
    <Age>99</Age>
    <Male>2.33</Male>
    <Female>2.64</Female>
   </Row>
   <Row>
    <Age>100</Age>
    <Male>2.18</Male>
    <Female>2.45</Female>
   </Row>
   <Row>
    <Age>101</Age>
    <Male>2.03</Male>
    <Female>2.28</Female>
   </Row>
  </Table>